{
  "project_info": {
    "project_number": "207858613098",
    "firebase_url": "https://reactnative-d5741.firebaseio.com",
    "project_id": "reactnative-d5741",
    "storage_bucket": "reactnative-d5741.appspot.com"
  },
  "client": [
    {
      "client_info": {
        "mobilesdk_app_id": "1:207858613098:android:945e8adc92dbc070234313",
        "android_client_info": {
          "package_name": "com.reactnativechat"
        }
      },
      "oauth_client": [
        {
          "client_id": "207858613098-9lfjogp808oq74d2vcb3h9bdqfn4p0h2.apps.googleusercontent.com",
          "client_type": 3
        }
      ],
      "api_key": [
        {
          "current_key": "AIzaSyBEP2miOkb84-57QPwPIjfS9Ht1iBZODlE"
        }
      ],
      "services": {
        "appinvite_service": {
          "other_platform_oauth_client": [
            {
              "client_id": "207858613098-9lfjogp808oq74d2vcb3h9bdqfn4p0h2.apps.googleusercontent.com",
              "client_type": 3
            }
          ]
        }
      }
    },
    {
      "client_info": {
        "mobilesdk_app_id": "1:207858613098:android:d7b9781599a10a88",
        "android_client_info": {
          "package_name": "com.supotore_new"
        }
      },
      "oauth_client": [
        {
          "client_id": "207858613098-9lfjogp808oq74d2vcb3h9bdqfn4p0h2.apps.googleusercontent.com",
          "client_type": 3
        }
      ],
      "api_key": [
        {
          "current_key": "AIzaSyBEP2miOkb84-57QPwPIjfS9Ht1iBZODlE"
        }
      ],
      "services": {
        "appinvite_service": {
          "other_platform_oauth_client": [
            {
              "client_id": "207858613098-9lfjogp808oq74d2vcb3h9bdqfn4p0h2.apps.googleusercontent.com",
              "client_type": 3
            }
          ]
        }
      }
    }
  ],
  "configuration_version": "1"
}