{
  "extends": [
    "tslint:recommended",
    "tslint-eslint-rules",
    "tslint-react",
    "tslint-config-prettier",
    "tslint-microsoft-contrib/recommended"
  ],
  "rules": {
    "interface-name": false,
    "jsx-no-lambda": false,
    "object-literal-sort-keys": false,
    "quotemark": [true, "single", "jsx-double"],
    "no-duplicate-super": true,
    "semicolon": [true, "never"],
    "ordered-imports": false,
    "no-use-before-declare": true,
    "no-console": [true, "log", "error"],
    "import-name": [true],
    "no-unnecessary-class": [
      true,
      "allow-constructor-only",
      "allow-static-only",
      "allow-empty-class"
    ],
    "no-consecutive-blank-lines": true,
    "array-type": [true, "array-simple"],
    "arrow-parens": true,
    "no-var-keyword": true,
    "no-unused-variable": [
      false,
      {
        "ignore-pattern": "i18n"
      }
    ],
    "trailing-comma": [
      true,
      {
        "multiline": "never",
        "singleline": "never"
      }
    ],
    "class-name": true,
    "comment-format": [true, "check-space"],
    "indent": [true, "spaces"],
    "no-eval": true,
    "no-internal-module": true,
    "no-trailing-whitespace": true,
    "no-unsafe-finally": true,
    "one-line": [true, "check-open-brace", "check-whitespace"],
    "triple-equals": [true, "allow-null-check"],
    "typedef-whitespace": [
      true,
      {
        "call-signature": "nospace",
        "index-signature": "nospace",
        "parameter": "nospace",
        "property-declaration": "nospace",
        "variable-declaration": "nospace"
      }
    ],
    "variable-name": [true, "ban-keywords"],
    "whitespace": [
      true,
      "check-branch",
      "check-decl",
      "check-operator",
      "check-separator",
      "check-type"
    ]
  },
  "jsRules": {
    "triple-equals": [true, "allow-null-check"]
  },
  "defaultSeverity": "warning"
}
